-0.097475,0.033139,-0.018644,-0.026827,-0.018819,0.079189,-0.01055,-0.0086665,-0.018751,0.04172
-0.11528,0.00036124,-0.048765,-0.026936,-0.013098,0.052352,0.042241,-0.01902,-0.01264,-0.021455
-0.045516,0.015912,-0.015118,-0.011583,0.031121,0.0569,-0.02091,-0.01052,-0.025763,-0.01702
-0.25461,0.07723,-0.0026138,0.016763,-0.012563,0.090985,-0.028083,0.036113,-0.051112,0.0095851
-0.25461,0.07723,-0.0026138,0.016763,-0.012563,0.090985,-0.028083,0.036113,-0.051112,0.0095851
-0.10404,0.0053794,-0.022953,-0.045927,-0.0097101,0.061068,0.069156,-0.013716,-0.032249,-0.012317
0.19642,-0.068657,0.033598,-0.021319,0.018644,0.11047,0.03112,0.12817,0.099424,-0.18545
-0.14232,0.025411,-0.0089015,-0.0084413,0.0047296,0.078481,-0.032575,0.0027526,0.016052,0.033287
-0.10328,0.015287,-0.039068,-0.023004,0.0028013,0.050936,-0.015812,-0.0039123,-0.04687,0.0028329
-0.071321,0.089313,0.027657,0.067394,-0.12243,0.044626,0.15027,0.016483,-0.026986,0.1375
-0.10363,0.046707,-0.047451,-0.041558,-0.024486,0.057352,-0.0704,-0.0080352,0.049843,0.00263
-0.10363,0.046707,-0.047451,-0.041558,-0.024486,0.057352,-0.0704,-0.0080352,0.049843,0.00263
-0.11976,0.024113,-0.02946,-0.0094229,0.0034444,0.05505,0.0181,-0.0032911,-0.05155,-0.0068321
-0.036513,0.054798,0.0019309,-0.064463,0.045689,0.049458,-0.028713,0.013913,0.015141,-0.022724
0.18236,-0.072409,0.074524,0.047417,-0.039375,0.033119,-0.037637,0.038394,-0.011531,-0.012918
-0.037679,0.031011,-0.019217,-0.034982,-0.0007512,0.062173,-0.038703,-0.048503,0.011843,-0.044027
-0.076062,0.021029,0.011836,-0.0095046,0.0069645,0.05526,0.024732,0.015981,-0.044025,-0.037765
0.13379,-0.106,0.057374,0.058237,-0.086229,0.13069,0.020426,-0.015765,-0.030895,0.029084
0.47979,0.010046,0.061576,0.041958,0.032961,0.015186,-0.059985,-0.0015749,0.030373,0.00057882
-0.091436,0.040479,0.015593,-0.038104,-0.021677,0.10029,-0.0079466,-0.0352,0.0039649,-0.0077873
-0.1277,0.031193,-0.06255,-0.010934,0.0057439,0.0048933,0.013272,0.014607,-0.017693,0.026423
0.44499,0.075743,-0.031242,-0.047832,0.16104,-0.103,-0.13263,0.026051,0.049927,-0.10094
0.091098,-0.020763,0.019702,0.021787,-0.019419,0.0088564,-0.011514,0.021014,-0.016496,0.011627
-0.092938,0.02954,-0.045841,0.006598,0.0032373,0.059139,-0.018883,2.783e-05,-0.016354,0.00037881
-0.089968,0.028681,-0.0012073,-0.02011,0.014551,0.10319,-0.028253,-0.031248,-0.02314,0.023845
-0.089968,0.028681,-0.0012073,-0.02011,0.014551,0.10319,-0.028253,-0.031248,-0.02314,0.023845
-0.10618,-0.0088579,-0.00038159,0.0025369,0.0019042,0.0038733,0.0031428,-0.026124,0.012251,0.0094524
-0.11882,0.027083,0.006122,-0.016744,0.012709,0.035937,0.010337,0.0090721,-0.0065979,0.0055626
-0.035614,-0.006658,-0.036255,0.0023678,-0.0010943,0.0030149,-0.0046166,-0.012972,-0.046846,0.0075327
-0.095676,0.018855,0.0030117,-0.0030467,-0.020226,0.010279,-0.0090996,0.0055571,0.0043087,0.0066889
-0.10671,0.014042,0.0077951,-0.020081,0.021721,0.058156,-0.038058,0.0070733,0.017883,-0.031904
-0.079154,0.054356,-0.031153,-0.045621,-0.011332,0.017928,0.0040156,0.056341,-0.02522,0.026657
0.087445,0.10712,-0.0038311,-0.073245,0.058702,0.047179,-0.10218,-0.052073,0.051076,-0.039974
-0.14434,-0.067016,-0.014576,-0.030431,0.014461,0.081668,-0.076165,-0.012761,-0.047402,-0.087299
0.0015521,0.17141,-0.060838,0.041291,-0.040477,-0.17685,0.14995,-0.012775,0.025493,0.16372
-0.10454,0.017785,-0.024693,-0.00088911,0.023683,0.051499,-0.037379,-0.0098146,0.0018927,0.045172
-0.089549,-0.048859,0.044324,-0.015561,-0.043953,0.024947,-0.025188,0.052827,-0.066437,-0.013335
0.022791,-0.21147,-0.0087702,-0.035385,0.0073965,0.083519,0.095977,0.12481,0.0011971,-0.13402
0.10844,0.0033895,-0.0030347,-0.019083,-0.043133,0.061053,0.014745,-0.02505,0.018322,0.0086204
1.1783,0.056729,0.034986,0.070654,0.08586,-0.046519,-0.013287,0.016837,0.11234,0.01263
-0.09004,0.012606,-0.030144,0.023102,-0.0076219,0.023921,-0.01583,-0.012034,-0.0014836,-0.0027423
-0.072461,0.04282,-0.036631,0.015417,-0.0060904,-0.0122,0.033263,-0.014918,-0.028962,-0.0026376
0.14206,0.049089,0.053813,0.022263,-0.025571,0.0907,0.076171,0.058897,0.0019186,-0.07526
-0.066095,0.036689,-0.009065,0.020126,0.007147,0.041583,0.01869,0.0068206,-0.046003,-0.0014239
-0.074669,0.023065,0.0014344,-0.025669,0.00021393,0.040134,-0.010206,-0.011175,-0.0024705,0.044925
-0.07738,0.015348,-0.028917,-0.0091185,0.017085,0.07756,0.044917,-0.0079642,-0.061425,-0.017028
-0.053967,-0.017563,-0.057422,0.014799,-0.01203,0.027609,0.030618,0.0011262,-0.051486,-4.8781e-05
-0.0032209,-0.025379,-0.0075525,0.0061911,-0.045661,0.094875,0.017048,0.031152,-0.067731,-0.036895
-0.0032209,-0.025379,-0.0075525,0.0061911,-0.045661,0.094875,0.017048,0.031152,-0.067731,-0.036895
-0.037899,0.018826,0.0097639,-0.020419,-0.0048111,0.096224,-0.041644,-0.01367,-0.047696,0.0013327
-0.07021,-0.042466,-0.015678,-0.011869,-0.021247,0.06116,0.021057,-0.013259,-0.058817,-0.0091097
-0.0768,0.046771,0.0022845,-0.054884,-0.013349,0.041533,0.019392,0.014638,-0.057355,-0.018685
-0.033324,0.10595,-0.074634,-0.00034154,0.080581,-0.091649,-0.01983,-0.043744,0.014661,0.03008
-0.17501,0.011673,-0.015638,-0.0031491,-0.057681,0.054827,0.045846,-0.036917,-0.04127,0.030657
-0.086173,0.030155,-0.034369,-0.013161,0.0008668,0.10542,-0.015937,0.043945,-0.014313,0.0085465
-0.086173,0.030155,-0.034369,-0.013161,0.0008668,0.10542,-0.015937,0.043945,-0.014313,0.0085465
-0.037029,0.0036825,-0.053265,-0.024206,0.045183,0.016331,0.029503,0.00312,-0.076793,-0.018647
-0.037029,0.0036825,-0.053265,-0.024206,0.045183,0.016331,0.029503,0.00312,-0.076793,-0.018647
0.1772,0.16841,-0.15393,-0.075392,0.2361,-0.052248,0.074716,0.13738,0.14679,-0.31949
0.1772,0.16841,-0.15393,-0.075392,0.2361,-0.052248,0.074716,0.13738,0.14679,-0.31949
-0.039447,0.0022332,-0.013845,0.0068978,-0.013245,0.057752,-0.0090899,-0.026083,-0.0019321,-0.00052037
-0.090526,-0.010018,-0.0092626,-0.030511,-0.010902,0.061223,-0.017793,-0.018647,-0.033066,-0.0076871
-0.096913,-0.021533,-0.038929,-0.030231,0.01659,0.053923,0.04294,-0.008755,-0.013902,0.052749
-0.096913,-0.021533,-0.038929,-0.030231,0.01659,0.053923,0.04294,-0.008755,-0.013902,0.052749
0.0081045,0.11266,-0.10947,-0.010332,0.00023064,-0.0098553,0.16668,-0.041284,-0.016411,0.1287
0.0081045,0.11266,-0.10947,-0.010332,0.00023064,-0.0098553,0.16668,-0.041284,-0.016411,0.1287
-0.064959,0.018268,-0.025079,0.01665,0.015068,0.044271,0.041123,-0.04779,-0.080024,0.026192
-0.064959,0.018268,-0.025079,0.01665,0.015068,0.044271,0.041123,-0.04779,-0.080024,0.026192
-0.13814,0.0036714,-0.055256,-0.031292,-0.0024307,0.041223,0.026043,-0.026464,0.018886,-0.0015597
-0.13814,0.0036714,-0.055256,-0.031292,-0.0024307,0.041223,0.026043,-0.026464,0.018886,-0.0015597
-0.046582,0.018106,-0.11431,0.026774,0.0399,0.031778,-0.035067,-0.023048,-0.010696,-0.07464
-0.046582,0.018106,-0.11431,0.026774,0.0399,0.031778,-0.035067,-0.023048,-0.010696,-0.07464
-0.13753,0.081678,-0.090893,-0.028509,0.036681,0.024615,0.031218,0.013976,-0.031747,-0.031427
-0.13753,0.081678,-0.090893,-0.028509,0.036681,0.024615,0.031218,0.013976,-0.031747,-0.031427
-0.10179,0.076385,-0.058738,-0.0048714,0.021446,-0.0061789,-0.0074685,-0.0098153,-0.0062405,0.02615
-0.073742,0.024154,-0.034036,0.0050472,0.00038857,0.026645,0.012695,0.031171,0.0093144,0.0091301
-0.084005,0.043063,-0.034168,-0.010037,0.02176,0.036691,0.026805,-0.022229,0.01335,0.0048606
-0.10602,0.015415,-0.038533,-0.0092302,-0.0007166,0.050275,0.034973,-0.0067258,-0.054512,0.0090648
-0.23834,-0.054149,-0.0064805,0.09251,-0.22805,0.32381,0.34283,-0.016456,-0.073036,0.021451
-0.09224,0.038292,-0.020793,-0.028553,0.0009499,0.029989,0.05293,0.0091177,-0.00086188,0.018463
-0.072207,0.0036946,-0.012805,-0.0025371,-0.020128,0.079403,0.02132,-0.017485,-0.025766,0.0049415
-0.098481,-0.011305,-0.038239,0.0044046,0.013472,0.036578,-0.027017,-0.02021,-0.026545,-0.023692
-0.11401,0.035607,-0.035037,-0.023983,-0.0075248,0.082939,0.0094049,0.0075373,-0.023887,0.014829
-0.050843,-0.010368,-0.00051025,-0.0064734,-0.0075626,0.055183,0.00036325,0.024485,0.0014262,0.0064908
-0.026635,-0.025821,-0.024764,-0.017046,0.02727,0.032669,0.016,0.029809,0.013598,-0.025934
-0.026635,-0.025821,-0.024764,-0.017046,0.02727,0.032669,0.016,0.029809,0.013598,-0.025934
-0.036847,0.04454,-0.046297,-0.014618,-0.005657,0.06512,-0.018484,-0.023927,-0.021299,-0.023617
-0.036847,0.04454,-0.046297,-0.014618,-0.005657,0.06512,-0.018484,-0.023927,-0.021299,-0.023617
-0.1291,0.0011623,-0.03377,-0.012265,0.030871,0.022883,-0.026249,-0.050156,-0.010425,0.0006427
-0.1291,0.0011623,-0.03377,-0.012265,0.030871,0.022883,-0.026249,-0.050156,-0.010425,0.0006427
-0.060794,-0.013523,0.022203,-0.034504,-0.01601,0.020743,0.036865,0.025491,-0.030199,-0.094674
-0.070382,0.015406,0.013331,-0.014851,0.04066,0.069608,-0.025267,-0.019839,-0.012091,-0.049404
-0.070382,0.015406,0.013331,-0.014851,0.04066,0.069608,-0.025267,-0.019839,-0.012091,-0.049404
-0.11824,-0.02728,-0.047578,0.041493,-0.010687,0.075954,0.0036941,-0.063278,-0.1127,0.0046842
-0.11824,-0.02728,-0.047578,0.041493,-0.010687,0.075954,0.0036941,-0.063278,-0.1127,0.0046842
-0.063269,-0.0034644,-0.010551,0.03499,-0.019363,0.10845,0.053433,-0.038399,-0.0082696,0.01356
0.16722,0.19373,-0.086077,0.00081438,0.030571,0.039459,0.18836,0.1016,0.13267,0.021381
0.16722,0.19373,-0.086077,0.00081438,0.030571,0.039459,0.18836,0.1016,0.13267,0.021381
0.050068,0.040685,-0.0033489,0.026214,0.034778,0.1036,-0.028281,0.0098395,-0.025018,0.0064122
0.050068,0.040685,-0.0033489,0.026214,0.034778,0.1036,-0.028281,0.0098395,-0.025018,0.0064122
-0.11486,0.046439,0.009222,-0.030106,0.0022654,0.063168,-0.035108,0.0060287,-0.013481,0.017655
-0.032706,0.01819,0.0092121,-0.068688,0.077956,0.053742,-0.030583,0.029479,-0.016799,-0.069562
-0.048923,0.013751,-0.038464,-0.0067891,-0.0038354,0.024875,0.0032206,-0.022376,0.016511,0.00024411
-0.10736,-0.039593,0.04686,0.0041826,0.0029662,0.040985,-0.0167,-0.035274,0.017495,0.019803
-0.051228,-0.013879,0.015861,-0.066843,0.06129,0.052766,-0.066015,0.064182,-0.0027196,-0.019198
-0.041708,0.051647,-0.018301,-0.042567,0.0069016,0.057713,0.033511,-0.0015923,0.008223,0.019979
-0.011451,-0.0072158,0.045146,-0.063566,0.029868,0.084353,-0.037551,-0.046485,-0.0045791,-0.026259
-0.076433,0.0065188,-0.0059578,-0.043215,-0.0045947,0.04944,0.049147,-0.048542,-0.01243,0.013056
-0.011001,0.03875,-0.039899,0.073897,-0.016841,0.032231,0.035841,-0.014966,-0.062175,0.057897
-0.038699,0.016208,-0.020768,0.039588,-0.076902,0.07884,0.055082,-0.039345,-0.039333,0.043223
-0.16946,0.046034,-0.042977,-0.037854,0.057335,0.042,0.0081931,0.014614,-0.022544,-0.037317
-0.069441,-0.067818,0.0022594,-0.01294,-0.052895,0.036652,0.036429,-0.068496,-0.0002628,0.041711
-0.045145,0.04825,-0.0065476,-0.066237,-0.0026455,0.064873,0.027095,0.00015323,-0.021457,0.0030187
-0.047481,0.047813,-0.040056,0.073386,-0.037707,0.046787,0.0030465,-0.020291,-0.041323,0.071465
-0.091655,0.0089621,-0.024145,-0.039698,-0.01489,0.054039,-0.088011,0.010901,-0.020111,0.022917
-0.045464,0.090109,-0.040098,0.073821,-0.011047,0.053445,-0.087834,0.0010461,0.034446,0.041009
-0.092039,0.0022306,-0.039139,-0.0069316,-0.0030051,0.01325,0.045076,0.031012,-0.05342,-0.013272
0.097055,0.14913,-0.075645,0.042318,0.00087342,-0.073798,0.071204,-0.088086,-0.020317,0.13574
-0.041722,-0.0094927,-0.047569,-0.0025115,-0.02773,0.079649,-0.0071293,0.0092287,-0.072419,0.071564
0.068329,0.036133,-0.0097665,0.019798,-0.014969,0.093231,0.0371,0.050519,-0.055169,0.010396
-0.13837,-0.054567,-0.039583,0.032899,-0.0045945,0.032275,-0.046945,-0.0096921,-0.012901,0.074687
-0.098466,0.026955,0.0061208,0.02724,-0.065416,0.049656,-0.0073647,-0.018022,-0.013514,0.062929
-0.064898,-0.024915,-0.056831,-0.043071,0.047517,0.021242,-0.043674,0.026593,-0.071721,0.0034656
-0.019408,0.044803,0.025547,-0.028743,-0.02531,0.052995,-0.044971,-0.037402,-0.016881,0.062452
0.025274,-0.0017785,-0.044321,-0.0020857,-0.015256,0.094083,0.095865,0.061402,0.05961,-0.05557
0.019829,-0.0041488,-0.05085,-0.022597,0.04649,0.045495,-0.028622,0.01731,-0.060405,-0.04608
-0.082532,-0.035652,0.033174,0.0044931,0.024386,0.072294,-0.0012968,0.0041316,-0.023245,0.058157
0.0046613,-0.013796,-0.054509,-0.048526,0.067868,-0.017264,0.029755,0.055853,-0.041957,-0.021303
-0.090204,-0.021891,-0.014813,0.029284,0.077281,0.0094788,-0.03254,0.029343,-0.018395,-0.0022666
-0.045943,0.01273,-0.049674,0.0075354,0.0028104,-0.031051,0.10649,0.009175,-0.10506,0.069236
0.010441,0.10598,-0.044636,0.027306,-0.058826,0.01699,0.078047,-0.012782,-0.094724,0.10734
-0.13331,-0.01885,-0.079652,-0.039466,0.033153,0.030103,0.065291,0.0017178,-0.10555,0.0061813
-0.016771,0.01349,0.036875,-0.022472,-0.074703,0.012023,0.063479,-0.03775,-0.030599,0.053368
-0.081118,0.036195,0.028375,-0.030098,-0.034196,0.0098652,-0.01207,0.028317,-0.091772,0.083171
-0.076103,-0.03377,-0.033398,0.052088,-0.050113,0.035654,0.02758,-0.061328,-0.0030398,0.056845
0.0051798,0.090042,-0.021133,0.1016,0.0075216,0.086965,0.033322,0.010743,-0.039479,0.017193
-0.071716,-0.017439,0.037919,0.051322,0.016237,0.070855,-0.021199,-0.0092088,-0.024933,0.041009
0.02786,0.0044143,-0.0082743,-6.5224e-05,-0.0060753,0.048015,0.016034,0.0016263,0.0048516,0.048266
-0.039646,0.043558,-0.00014123,-0.010512,-0.013463,0.038003,0.027457,0.015028,-0.064376,0.10049
-0.023063,0.023202,-0.022265,-0.064868,0.0059909,0.055988,-0.054849,0.036515,-0.090661,0.035827
-0.10969,0.0001139,-0.00023747,0.019918,-0.024916,0.08093,0.04066,-0.0015211,0.0014127,0.0406
-0.10595,0.0057053,-0.028073,-0.017275,0.022094,-0.0064938,0.0049996,0.005477,-0.02951,0.012621
-0.067123,0.028893,-0.011837,-0.03106,0.0075082,0.029813,-0.013791,0.04016,-0.032386,0.081164
0.11596,0.032242,-0.061073,0.018383,0.0070898,0.14182,0.010387,0.039826,-0.11145,0.0089995
0.00012983,0.053759,-0.045011,-0.0070517,0.033832,0.10458,-0.05491,0.05321,-0.020561,0.0097706
-0.043415,-0.047895,-0.052711,-0.048594,-0.029836,0.022546,0.02922,0.014583,-0.072898,0.035261
-0.02548,0.056442,-0.075728,0.005115,-0.05073,0.024047,0.047807,0.026728,-0.07179,0.012835
0.065409,0.12145,-0.028365,0.0073286,-0.014581,0.071368,-0.0065332,-0.00065993,-0.046984,0.031186
-0.022794,0.047123,-0.057263,-0.040076,0.0082414,0.022297,0.055291,0.013416,-0.081857,0.039363
-0.076448,-0.079761,-0.00087533,-0.030621,-0.011824,0.041563,0.020278,-0.028907,-0.041277,0.0076817
-0.030448,-0.05949,-0.049427,0.063673,0.014845,-0.022595,-0.014519,-0.033452,-0.0083382,0.053555
-0.07381,0.013396,-0.019214,-0.012828,-0.024519,0.067194,0.0079472,0.0015762,-0.007895,0.016139
-0.10242,0.075039,0.27548,0.03947,0.019843,-0.0769,0.034358,-0.11598,0.072352,-0.011154
-0.072618,0.075965,0.35877,0.052984,0.037104,-0.12885,0.052031,0.029421,0.024012,-0.023284
-0.16145,0.089633,0.087176,0.0027457,0.0018615,0.0031064,0.051446,-0.35429,0.17767,-0.050991
-0.068448,0.062191,0.37264,0.03786,0.041089,-0.13304,0.03985,0.018874,0.021591,-0.033097
-0.11186,0.10115,0.26251,0.040426,-0.00061031,-0.049004,0.083486,-0.17452,0.14575,-0.055247
-0.11085,0.08465,0.18564,0.041087,-0.0047589,-0.0055062,0.025891,-0.22224,0.12677,-0.049704
-0.17254,0.10443,0.14457,0.00596,0.0091877,-0.010239,0.078475,-0.33968,0.15299,-0.069738
-0.091076,0.064443,0.34231,0.05035,0.053225,-0.11313,0.012051,0.19633,-0.092841,0.0081729
-0.040699,0.050262,0.34493,0.024969,0.047144,-0.14907,0.028226,0.25154,-0.080717,0.026556
-0.084978,0.073055,0.37947,0.033149,0.051528,-0.096927,0.02494,-0.039297,0.058102,-0.020029
-0.14609,0.11304,0.37936,0.042006,0.052768,-0.092762,0.051134,-0.18077,0.10651,0.0036119
-0.050701,0.036089,0.31324,0.064301,0.092128,-0.12591,-0.0035591,0.30842,-0.12508,0.027509
-0.1029,0.10884,0.34205,0.040521,0.027136,-0.080073,0.02399,-0.1295,0.11151,-0.0079068
-0.14321,0.093612,0.17546,0.031193,0.017438,-0.05568,0.027761,-0.082908,0.030185,0.001193
-0.075544,0.052981,0.39386,0.051579,0.071167,-0.14503,0.047167,0.11548,-0.0376,0.010372
-0.048935,0.064671,0.26951,0.039561,-0.00089289,-0.080214,0.058641,0.0239,-0.015255,-0.02459
-0.15012,0.091971,0.066894,0.018777,0.013442,0.038796,0.041914,-0.39151,0.21034,-0.056735
-0.087315,0.081996,0.41014,0.043902,0.060398,-0.13302,0.018629,0.21409,-0.072215,0.045199
-0.14484,0.089464,0.23727,0.012919,0.025471,-0.065295,0.034685,-0.059068,0.042654,-0.002662
-0.05713,0.070356,0.40224,0.05601,0.054561,-0.14498,0.049408,0.18366,-0.059958,0.011605
-0.089466,0.073784,0.36833,0.02848,0.033705,-0.12397,0.050405,0.15424,-0.062195,0.0010697
-0.048888,0.054092,0.29581,0.027232,0.0065381,-0.078998,0.061029,0.033864,0.013346,-0.038574
-0.09036,0.093118,0.3414,0.040002,0.047327,-0.08243,0.058375,-0.10875,0.086509,-0.050427
-0.13243,0.12414,0.35822,0.0502,0.037618,-0.093416,0.032297,-0.040239,0.023485,0.019099
-0.16729,0.12176,0.20083,0.00955,0.015856,-0.035776,0.078554,-0.34522,0.16314,-0.058782
-0.099839,0.042542,0.27461,0.027501,0.064824,-0.10304,0.035121,0.18208,-0.10038,0.0016707
-0.14188,0.11894,0.33177,0.033878,0.041816,-0.10269,0.048749,-0.080649,0.048401,-0.0034562
-0.058016,0.035855,0.31583,0.03094,0.072908,-0.098216,0.026147,0.15448,-0.086167,0.015659
-0.0030736,0.013893,0.25612,0.034355,0.010465,-0.068835,0.0068083,0.33522,-0.18563,0.025868
-0.031605,0.0042683,-0.053282,-0.039976,-0.028375,0.056087,-0.025851,-0.015383,-0.0034734,-0.050862
-0.03331,0.023742,0.34047,0.051589,0.055444,-0.12566,0.029312,0.2862,-0.11317,0.013755
-0.16347,0.11881,0.26923,0.0063878,0.030735,-0.046775,0.075315,-0.34276,0.15869,-0.035037
-0.14646,0.13101,0.29217,0.017552,0.03556,-0.04792,0.069994,-0.39098,0.20511,-0.064921
-0.083151,0.050892,0.26506,0.052408,0.049121,-0.10745,0.031632,0.20945,-0.12818,0.011865
-0.084405,0.047825,0.33407,0.038242,0.059292,-0.096663,0.016504,0.14569,-0.071894,0.026614
-0.09875,0.080381,0.31179,0.036983,0.044649,-0.077374,0.012692,-0.0030427,0.019709,0.0068767
-0.11795,0.11184,0.3599,0.029889,0.026394,-0.064385,0.050499,-0.26136,0.14724,-0.042643
-0.10772,0.093004,0.24099,0.015174,0.018864,-0.037842,0.061206,-0.20794,0.12987,-0.060131
-0.16796,0.12787,0.34134,0.031914,0.054242,-0.067584,0.059646,-0.25867,0.14191,-0.020091
-0.091997,0.065935,0.38808,0.036483,0.069183,-0.12377,0.044145,0.10914,-0.050693,0.029694
-0.061052,0.049413,0.35726,0.043947,0.083343,-0.12585,0.0008899,0.31376,-0.16678,0.037474
-0.13659,0.11628,0.31825,0.026216,0.020357,-0.062441,0.071818,-0.31509,0.18987,-0.045682
0.047393,-0.029105,0.20511,0.054432,-0.001139,-0.062316,0.007285,0.32377,-0.15432,0.003284
-0.0044452,0.031145,0.28498,0.053736,0.040765,-0.12331,0.012063,0.2719,-0.12096,0.008627
-0.15706,0.11669,0.22749,0.0089107,0.021745,-0.022224,0.061671,-0.39262,0.18918,-0.063638
-0.055056,0.069096,0.34844,0.060812,0.045734,-0.11187,0.046465,0.0010426,0.014516,-0.028054
-0.015277,0.033139,0.29171,0.041967,0.05454,-0.077675,-0.015992,0.33756,-0.1892,0.034761
-0.056039,0.052369,0.23686,0.029035,0.023807,-0.037714,0.020894,0.055328,-0.019502,0.015512
0.015936,0.0084222,0.26795,0.060197,0.039993,-0.11078,0.01649,0.30771,-0.13401,0.011964
-0.1558,0.11243,0.15939,0.017019,0.0031973,-0.0062624,0.054032,-0.39276,0.23248,-0.066445
0.0031503,0.018865,0.23794,0.07166,-0.0054599,-0.039987,0.054778,0.058909,0.0026751,-0.015489
-0.13205,0.11034,0.36702,0.042454,0.048966,-0.086749,0.042338,-0.045811,0.059827,0.024991
-0.040783,0.03276,0.29486,0.051288,0.079978,-0.094134,-0.0056265,0.31637,-0.20364,0.020747
-0.098878,0.12319,0.34721,0.033404,0.0084998,-0.073568,0.055894,-0.22061,0.1462,-0.04753
-0.14434,0.11509,0.2545,0.026174,0.028284,-0.080021,0.031096,-0.040635,0.031033,0.0053539
-0.11498,0.10115,0.32539,0.023807,0.027212,-0.056406,0.079266,-0.19591,0.1366,-0.062499
0.27309,-0.11744,0.12323,0.088473,-0.078862,0.11812,-0.020483,0.046105,-0.012757,-0.071775
0.90426,-0.033022,0.10075,0.082061,0.019784,0.045552,-0.025543,0.084556,0.087414,-0.045866
0.33899,-0.086643,0.017306,0.060586,-0.12283,0.15451,0.11571,-0.040045,-0.052018,0.10576
0.10982,-0.097561,-0.0020707,0.057119,-0.1355,0.17647,0.065045,-0.035981,-0.069929,0.13208
0.0081793,0.19023,-0.17142,-0.012263,0.15359,-0.071437,0.066016,0.1226,0.038996,-0.10782
0.18391,0.3375,-0.17338,-0.030794,0.18188,-0.20586,0.061104,0.10551,0.051434,-0.0046497
0.16643,-0.032646,0.011865,0.03085,-0.077762,0.12311,0.063563,-0.005863,-0.068184,-0.028515
0.049815,0.057733,-0.030374,0.037943,-0.00075055,0.081848,0.083255,0.021821,-0.056944,0.086774
0.017935,0.032988,-0.062897,0.041382,0.021755,0.04717,0.09422,0.016025,-0.043364,0.082521
-0.06187,0.32579,-0.22393,-0.088537,0.32249,-0.1958,0.022878,0.083935,-0.00071392,-0.065771
-0.1081,0.24973,-0.20272,-0.067184,0.22407,-0.098488,0.01829,0.048391,-0.016805,-0.052044
-0.084192,0.28143,-0.19145,-0.070905,0.2534,-0.15084,-0.00072313,0.097592,-0.011096,-0.080971
0.1809,-0.075298,-0.03819,0.0089126,-0.11135,0.085658,0.075141,-0.079599,0.0010232,0.14578
0.10512,-0.078457,-0.023729,0.0637,-0.067747,0.096504,0.07898,-0.054453,-0.03862,0.10968
0.14417,-0.16683,0.015718,0.057659,-0.17249,0.16684,0.10474,-0.044862,-0.08784,0.11824
-0.069682,0.062062,-0.13293,-0.021125,0.095839,-0.065192,-0.0026669,-0.0059821,0.0093771,0.02782
-0.082248,0.34434,-0.25006,-0.09431,0.31461,-0.21525,0.029165,0.070197,0.035981,-0.048686
-0.12456,0.26139,-0.22805,-0.054211,0.21535,-0.1269,0.077059,0.049595,0.0030559,0.023239
-0.037418,0.25097,-0.15768,-0.0095441,0.16739,-0.026793,0.066649,0.083871,-0.020574,-0.043077
-0.055472,0.31316,-0.19025,-0.033139,0.18713,-0.076535,0.051181,0.088372,-0.011006,-0.091126
0.016005,0.019242,-0.053167,-0.061271,0.023163,-0.036528,-0.00099666,-0.00041146,0.0095608,0.042901
-0.033354,0.24224,-0.19317,-0.028314,0.25265,-0.14553,0.054047,0.12212,0.029326,-0.13487
-0.035212,0.12577,-0.11891,-0.050455,0.15291,-0.10904,0.013173,-0.045461,0.03158,0.066731
0.29203,0.21392,-0.20556,-0.0083819,0.20836,-0.21222,0.17133,-0.0030216,-0.016213,0.08556
0.24288,-0.05086,-0.0048733,0.03698,-0.097523,0.092583,0.10851,-0.083395,-0.024438,0.13787
0.24261,-0.082657,-0.0040594,0.030163,-0.10378,0.11089,0.079662,-0.11314,-0.037466,0.1424
0.3012,0.029826,-0.016037,0.0092807,-0.037201,0.0081447,0.082221,-0.03624,0.02201,0.12619
1.1033,0.031011,0.070127,0.058262,0.075524,-0.0016257,-0.074599,0.037393,0.1107,-0.010212
-0.034341,0.15682,-0.12878,-0.056648,0.12729,-0.10369,-0.025817,-0.009586,0.059166,0.042285
0.20535,-0.018756,-0.040734,-0.046772,-0.0043857,-0.039918,0.037032,0.0069097,0.036708,0.11353
0.2584,-0.12608,0.0086727,0.072648,-0.16323,0.17334,0.11556,-0.041815,-0.086296,0.1788
0.08693,0.039286,-0.024461,0.046977,-0.045717,0.12698,0.065615,0.0058297,-0.11819,0.043807
-0.10732,0.27719,-0.19318,-0.08692,0.28445,-0.16509,-0.04072,0.098016,0.0030943,-0.11283
-0.11802,0.24107,-0.20682,-0.085457,0.2392,-0.15611,0.038499,0.0011492,0.052291,0.04314
0.046482,-0.050212,-0.024265,0.00058078,-0.08591,0.098139,0.048065,-0.082918,-0.01303,0.15906
-0.026393,-0.0058158,-0.072727,-0.020793,-0.027589,0.027855,0.051037,-0.039054,0.009511,0.071834
-0.040375,0.029096,-0.081355,-0.019275,0.054763,-0.013007,0.054218,0.0067396,0.03015,0.0026959
0.25517,0.095745,-0.096013,-0.050385,0.031023,-0.075451,0.096703,-0.013254,0.036276,0.091216
0.13202,-0.068978,-0.024751,0.054831,-0.084917,0.08106,3.6391e-05,-0.047739,-0.048332,0.10982
-0.12505,0.14163,-0.1632,-0.040082,0.17944,-0.10397,-0.016404,-0.027609,0.0078328,-0.0061783
0.096729,0.019041,-0.059661,-0.0401,0.13842,-0.062058,-0.0091538,0.018345,0.088575,0.011181
0.09691,-0.007397,-0.031273,0.015213,-0.011716,0.069428,0.038916,-0.0020287,-0.075006,0.11388
0.11283,-0.052325,-0.02253,-0.0020012,-0.11863,0.1439,0.076856,-0.047764,-0.079693,0.12189
-0.047131,0.15096,-0.1779,-0.030826,0.078776,-0.025214,0.053441,0.027553,0.013517,0.063559
-0.015176,0.20333,-0.17108,0.00061692,0.18145,-0.071821,0.089624,0.084281,-0.038838,-0.03301
0.26772,-0.13712,0.048062,0.040164,-0.15358,0.18043,0.10294,-0.063987,-0.069651,0.15595
0.19461,-0.065059,-0.0086929,0.0093603,-0.10234,0.077787,0.052949,-0.072549,0.0054093,0.085194
-0.079761,0.15056,-0.092028,0.012356,0.11057,-0.025058,0.037153,0.0056515,-0.074379,0.018655
-0.13155,0.25168,-0.22885,-0.045519,0.26803,-0.14741,0.0581,0.081544,0.0095106,-0.080316
-0.00023893,0.22135,-0.23048,-0.077419,0.22347,-0.16501,0.19634,0.020226,0.040962,0.042
-0.020337,0.079257,-0.12449,-0.064237,0.12956,-0.091055,0.0016264,-0.059237,0.074074,0.076113
0.131,-0.12486,0.0056626,0.05394,-0.15355,0.094215,0.048044,-0.04666,-0.060752,0.14222
-0.036495,0.20481,-0.1477,-0.0077645,0.18459,-0.037029,0.077865,0.069874,-0.025064,-0.016359
-0.090147,0.28252,-0.21838,-0.067641,0.31529,-0.16894,0.0068497,0.089953,0.043776,-0.10522
0.10283,-0.013942,-0.0047707,0.058604,-0.080372,0.16427,0.1081,0.012857,-0.11587,0.046478
0.19751,-0.029296,-0.041673,-0.041273,-0.013593,-0.036965,0.026246,-0.027124,0.008968,0.13064
1.1288,0.1034,0.034906,0.047006,0.083441,-0.018768,-0.08865,0.037293,0.11875,-0.01794
-0.032053,0.21172,-0.11511,-0.041032,0.13362,-0.015502,0.025989,0.037192,-0.03705,-0.0089788
-0.007167,0.022787,-0.039431,0.018241,-0.01924,0.098032,0.05143,-0.0091288,-0.12372,0.05117
-0.0057978,0.067158,-0.018528,0.014506,0.01579,0.056198,0.03826,0.0079159,-0.077523,0.036218
0.010362,0.022443,-0.11405,0.54839,0.070777,0.054378,-0.10496,-0.00017782,-0.017849,-0.054605
0.10244,-0.025912,0.028917,-0.23322,-0.0077012,0.077623,-0.042023,-0.027669,-0.016757,-0.071247
-0.1682,-0.017107,-0.0027015,-0.17043,-0.040769,0.12517,-0.090111,0.0014224,-0.10471,0.037074
-0.056667,0.013285,-0.11562,0.61166,0.077325,0.057316,-0.12408,-0.011644,-0.015063,-0.083593
0.13491,0.048514,0.026673,-0.41445,-0.013219,0.11434,-0.047691,-0.043454,-0.010466,-0.19848
0.025145,0.0091628,-0.074248,0.46181,0.060732,0.048311,-0.1289,0.00898,0.0022264,-0.078336
0.14611,-0.026069,4.1199e-05,-0.090764,0.0024595,0.059332,-0.089681,0.019365,0.025013,-0.21664
0.052828,-0.021605,-0.043018,-0.13964,0.022143,0.10933,-0.053785,-0.051791,0.043203,-0.26276
-0.04887,-0.005229,-0.094498,0.36686,0.061143,0.083001,-0.10029,-0.014983,-0.013983,-0.11303
-0.047597,-0.003227,-0.099273,0.44744,0.065364,0.055174,-0.13326,-0.02187,-0.052252,-0.10459
0.0066704,-0.0088332,-0.020394,-0.10543,0.0040911,0.098397,-0.063806,-0.026469,0.020794,-0.11122
-0.079766,-0.015559,-0.081992,0.28861,0.03953,0.10362,-0.098385,0.012786,0.0003213,-0.12853
0.072247,-0.037822,-0.04394,-0.061041,0.0039257,0.051743,-0.047751,-0.046366,0.03262,-0.18507
-0.056708,0.018378,-0.099107,0.63218,0.070689,0.029201,-0.086408,0.009733,-0.041718,0.11309
-0.046776,0.0035103,0.057449,-0.42462,-0.056715,0.11238,-0.04879,-0.0052089,-0.097178,0.14995
-0.07803,0.00090916,-0.098222,0.64631,0.074103,0.053148,-0.13195,-0.0097966,-0.03383,-0.0083085
-0.11877,-0.018829,0.016051,0.12831,-0.0019285,0.049256,-0.067887,0.020911,-0.16352,0.35057
-0.088037,-0.0277,-0.081144,0.14417,0.018259,0.081927,-0.07812,-0.039292,0.00035285,-0.21043
0.044619,0.0038047,0.07327,-0.36497,-0.045561,0.09382,-0.061283,0.028676,-0.1035,0.15352
-0.02444,0.0040399,-0.054078,-0.16004,-0.013452,0.089834,-0.034933,-0.017608,0.030994,-0.29344
-0.02343,-0.030055,0.013416,-0.34489,-0.053202,0.09353,-0.027329,-0.017267,-0.05958,-0.031363
-0.074469,-0.017591,-0.091879,0.1908,0.043149,0.089686,-0.070097,-0.0015605,-0.023375,-0.20064
0.1048,-0.029391,0.006571,-0.41265,-0.029683,0.086047,-0.082505,-0.014035,0.017124,-0.18931
0.10868,0.0063077,0.063705,-0.31253,-0.056527,0.023169,-0.046552,0.017422,-0.090587,0.28167
-0.013489,-0.010904,0.073313,-0.35765,-0.028725,0.072188,-0.037595,0.025812,-0.13138,0.24182
-0.09748,-0.0047042,-0.11577,0.52795,0.071411,0.10121,-0.14097,-0.012642,-0.0045836,-0.12645
0.23106,0.00016909,0.038168,-0.29865,-0.0093355,0.063603,-0.1167,0.036264,0.0036616,-0.18117
0.026689,-0.035384,-0.044007,-0.095018,0.015239,0.089375,-0.043265,-0.037277,0.005657,-0.22808
0.29708,0.014997,0.02862,-0.38025,0.0087449,0.039884,-0.067511,-0.024586,-0.029082,-0.00071937
0.14197,0.022658,0.069331,-0.5026,-0.024723,0.10726,-0.062518,0.013074,-0.053483,-0.019922
-0.014872,-0.0011991,-0.030403,-0.18148,-0.011858,0.076286,-0.044688,-0.0087661,-0.031467,-0.093466
0.22874,0.062515,0.088081,-0.4961,-0.039625,0.051497,-0.038766,0.011504,-0.034265,0.021244
0.13049,-0.026117,0.049137,-0.31782,-0.029487,0.086322,-0.043248,0.0018223,-0.013215,-0.049537
-0.0103,-0.023118,0.053262,-0.41554,-0.038148,0.092465,-0.016096,0.0048407,-0.056637,0.037972
-0.083062,-0.016904,-0.11336,0.4244,0.063694,0.094701,-0.13449,-0.017585,-0.012393,-0.16056
0.8925,0.15098,0.049043,0.066935,0.12532,-0.033874,-0.14819,0.032318,0.112,-0.030584
0.10543,-0.031563,0.012299,-0.16954,0.0065665,0.056789,-0.0060392,-0.037781,0.035329,-0.17082
0.063459,-0.047901,0.021852,-0.325,-0.013346,0.10518,-0.050193,-0.034024,0.0052748,-0.17894
0.14824,-0.0075437,0.08312,-0.39584,-0.012653,0.082193,-0.040686,0.010897,-0.034847,-0.028397
-0.16981,-0.023325,0.020526,-0.033492,-0.03178,0.11264,-0.077438,0.012992,-0.15727,0.19518
-0.033637,-0.036928,-0.01293,0.030772,-0.0029896,0.055768,-0.061205,-0.023058,-0.01206,-0.10248
-0.061844,-0.0075958,-0.10856,0.56827,0.069653,0.083698,-0.12811,-0.020484,-0.018045,-0.10208
-0.069486,-0.0079079,-0.051273,0.14892,0.026459,0.099379,-0.082684,0.0049414,-0.00022915,-0.15055
0.13944,-0.012126,0.013877,-0.24999,0.01247,0.105,-0.030228,-0.0054817,0.056713,-0.15309
-0.075463,-0.0061884,0.019817,0.14792,0.0047554,0.02251,-0.053764,0.0069606,-0.15046,0.34445
-0.14104,-0.032052,-0.021632,-0.057418,-0.0019392,0.11015,-0.074965,-0.02037,-0.023033,-0.12189
0.011084,0.010674,-0.11791,0.50199,0.08098,0.041225,-0.085268,-0.028907,0.012173,-0.13384
-0.058036,-0.040635,-0.048105,-0.045185,0.0086544,0.12016,-0.063804,-0.0094459,-0.02108,-0.16448
0.013117,-0.018384,-0.011643,-0.18423,-0.0010165,0.11951,-0.048666,-0.020501,-0.019841,-0.12989
-0.14822,-0.019198,0.040139,-0.0097907,-0.024105,0.082384,-0.056094,0.019365,-0.1467,0.30671
-0.035659,0.013612,-0.05215,0.5657,0.033475,0.012872,-0.07604,-0.00091968,-0.044033,0.21059
-0.08934,-0.0038286,-0.032606,-0.092854,0.0066705,0.11705,-0.069144,-0.027569,0.0057068,-0.1513
-0.10147,0.0065966,-0.093631,0.34375,0.059635,0.10679,-0.11131,-0.0014211,0.0071255,-0.18224
0.02712,-0.0083845,-0.034511,-0.036004,0.057141,0.10026,-0.049244,-0.031997,0.029211,-0.18867
-0.16637,-0.21477,-0.00094837,-0.087774,0.15599,-0.068581,-0.44582,0.0097535,0.11475,0.097608
-0.17669,-0.35111,-0.021373,-0.045744,0.14731,-0.1333,-0.34723,-0.041745,0.1132,0.14697
-0.014664,-0.38385,-0.10174,0.027487,0.013368,-0.13578,0.33267,-0.049779,-0.065975,-0.034102
-0.061914,-0.24855,-0.020321,-0.011362,0.090391,-0.03977,-0.32265,-0.057389,0.093988,0.18949
0.10033,-0.41463,-0.028042,-0.0028454,0.025344,-0.11773,0.1142,0.036273,0.035192,-0.03069
0.85948,-0.026142,0.069944,0.062507,0.064289,-0.0075003,-0.078587,0.02234,0.083274,0.00074385
0.66456,-0.084965,0.09661,0.066394,0.0026056,0.069565,-0.041753,0.048546,0.063563,-0.047782
0.1558,-0.13887,0.085162,-0.030411,0.082554,0.01257,-0.38949,0.077819,0.11918,-0.033244
-0.12853,-0.43006,-0.054896,-0.028244,0.13025,-0.17889,-0.010814,-0.063661,0.0086039,0.034503
0.41211,-0.13395,0.059674,-0.031756,0.024813,0.01918,0.072837,0.01833,0.017069,-0.10785
-0.03709,-0.41587,-0.1083,0.017377,0.06321,-0.16524,0.25958,-0.032114,-0.025111,-0.028501
-0.051891,-0.34572,0.0043939,-0.043688,0.10952,-0.11377,-0.19187,0.011903,0.039421,0.045997
-0.049038,-0.45301,-0.095231,-0.011108,0.080607,-0.19107,0.23249,-0.054812,-0.0053524,-0.015649
-0.19357,-0.31583,-0.035326,-0.083913,0.14495,-0.12149,-0.24872,0.01076,0.099134,0.097545
-0.079504,-0.12098,0.033251,-0.047083,0.11827,0.0085393,-0.45558,0.036707,0.11665,0.15306
-0.002694,-0.41788,-0.091543,0.02927,0.03452,-0.14896,0.30222,-0.029894,-0.038755,-0.063576
0.85996,0.012731,0.064253,0.041711,0.031716,0.00515,-0.12365,-0.0035732,0.12144,0.020276
-0.10318,-0.42219,-0.067068,-0.036266,0.12069,-0.1965,0.0050556,-0.0098865,0.03704,0.032978
0.20809,-0.036494,0.06705,0.0074719,0.043376,0.06267,-0.36969,0.047039,0.11933,-0.028961
0.12199,-0.45086,-0.038898,0.025187,0.041535,-0.12128,0.25581,0.022642,-0.026001,-0.097158
-0.11245,-0.36344,-0.024694,-0.014864,0.12581,-0.11467,-0.29151,-0.052747,0.12772,0.14533
-0.082753,-0.36094,-0.040773,-0.033312,0.1047,-0.12474,-0.11213,-0.01359,0.02389,0.048482
-0.16147,-0.39513,-0.033486,-0.050412,0.16389,-0.16765,-0.12665,-6.4538e-05,0.082295,0.054914
-0.0099142,-0.42494,-0.085082,0.0025714,0.071166,-0.19514,0.21785,-0.029019,0.024085,-0.02171
-0.14365,-0.37179,-0.03074,-0.057682,0.13342,-0.1711,-0.14016,-0.0062377,0.065914,0.067234
0.037574,-0.418,-0.079535,0.021837,0.063532,-0.15202,0.2162,-0.0092653,-0.026656,-0.042571
-0.056705,-0.44465,-0.087685,-0.012923,0.090792,-0.20951,0.18916,-0.0088696,0.035136,-0.018415
-0.2079,-0.36639,-0.0092526,-0.055603,0.15788,-0.14309,-0.28226,-0.018822,0.10501,0.095716
-0.17719,-0.26053,-0.015182,-0.078346,0.14474,-0.11581,-0.35991,0.038511,0.12086,0.095804
-0.061852,-0.23568,0.013889,-0.076857,0.092335,-0.042027,-0.25747,0.0084354,0.052266,0.061315
-0.019723,-0.38854,-0.086891,0.012123,0.01752,-0.13421,0.36592,-0.013979,-0.050208,-0.098041
-0.0016987,-0.054871,0.037381,-0.008401,0.042144,0.046131,-0.46209,0.036428,0.09639,0.15137
-0.087956,-0.45513,-0.053139,0.023223,0.10247,-0.15443,-0.02521,-0.056991,0.024744,0.050203
0.21202,-0.37091,0.014592,0.0083086,-0.038545,0.019098,0.10584,0.047454,0.0023197,-0.12521
-0.010438,-0.41749,-0.058075,-0.026395,0.092368,-0.14725,0.12701,-0.011187,0.021207,0.021364
-0.097659,-0.46779,-0.057383,-0.010502,0.11049,-0.1893,0.010973,-0.060752,0.047546,0.051301
0.081354,-0.36102,-0.064309,-0.0030566,0.034276,-0.12753,0.34767,-0.048735,-0.059129,-0.12125
-0.018887,-0.43787,-0.096893,-0.0063791,0.077215,-0.18467,0.2652,-0.048389,-0.061501,-0.033113
-0.11634,-0.43599,-0.040288,-0.021216,0.1348,-0.20374,-0.0051453,-0.042231,0.054112,0.038119
-0.033789,-0.4405,-0.10006,0.020245,0.072806,-0.18069,0.29937,-0.038293,-0.043651,-0.040371
0.20481,-0.41059,0.0027328,0.0066892,0.008233,-0.06029,0.1038,0.010262,0.0095647,-0.075707
-0.087358,-0.18202,0.011799,-0.095465,0.11332,-0.061567,-0.45618,0.014745,0.13993,0.10735
-0.061856,-0.15917,0.045287,-0.052841,0.12133,0.00042045,-0.32233,0.042696,0.078096,0.090528
0.010953,-0.43843,-0.081877,-0.0095997,0.073717,-0.1765,0.19981,-0.028555,-0.012376,-0.013313
0.269,-0.28832,-0.018691,0.0047135,0.011192,-0.04139,0.16697,0.0013527,0.012271,-0.14424
-0.20343,-0.36564,-0.0433,-0.08134,0.11774,-0.17198,-0.24835,-0.019318,0.083153,0.067554
0.25753,-0.20698,0.015677,-0.032473,0.036451,0.045453,0.020632,0.069997,0.038327,-0.11373
0.32678,-0.4134,0.067255,0.014695,-0.056795,-0.014483,0.20887,0.080401,-0.045435,-0.21019
0.15504,-0.41555,-0.035056,0.037351,0.01602,-0.10016,0.2579,0.0071736,-0.0205,-0.13621
0.71704,-0.012462,0.10916,0.04144,-0.010212,0.080888,0.020792,0.017479,0.069638,0.0053436
-0.083553,-0.29115,-0.0073439,-0.010753,0.11303,-0.061634,-0.30495,-0.050394,0.089083,0.18109
-0.081347,-0.4047,-0.047061,0.02824,0.046334,-0.10785,0.0080039,-0.045566,0.033473,0.027612
0.16404,0.0055283,0.0068319,0.010834,-0.18814,-0.11566,-0.13896,-0.14187,-0.26463,-0.17208
-0.12757,0.033182,-0.11348,0.0069863,-0.40192,-0.17482,-0.059653,0.097025,0.17718,-0.036125
0.099938,0.0083761,0.0057775,0.048199,-0.26017,-0.17563,-0.16191,-0.10035,-0.24746,-0.17123
0.10846,-0.0082133,0.026427,0.051616,-0.30086,-0.097005,-0.13017,-0.056074,-0.15212,-0.23813
0.20434,0.15768,-0.13464,-0.012823,-0.038271,-0.18955,0.053444,-0.10159,-0.018862,0.17368
-0.031842,0.09781,-0.12481,-0.0041085,-0.2801,-0.27201,-0.053772,0.0048329,0.026428,0.015919
0.065952,0.023638,-0.025228,0.021094,-0.32901,-0.1871,-0.12512,-0.053456,-0.15305,-0.17808
0.025243,0.10167,-0.13477,-0.02431,-0.24061,-0.27805,-0.024673,0.010529,0.036506,0.065429
-0.12472,0.051729,-0.11582,0.0019518,0.00073261,0.216,0.20032,0.25611,0.38499,0.09235
-0.2199,0.042605,-0.089818,0.016955,-0.22602,-0.00791,0.052857,0.20835,0.34581,0.10548
-0.18753,-0.018689,-0.040813,0.042588,-0.32476,0.043302,0.02475,0.21863,0.39298,0.02301
-0.17037,0.0098245,-0.068996,0.038155,-0.36795,-0.066313,-0.024051,0.18033,0.32009,-0.011914
0.030825,0.07398,-0.11799,-0.012746,-0.25721,-0.30854,-0.088951,-0.019961,-0.030851,-0.0071176
0.17544,0.1468,-0.13527,-0.028669,-0.1912,-0.32572,-0.035038,-0.063659,-0.10681,0.051417
-0.16065,-0.0042142,-0.07861,0.0033837,-0.048857,0.13865,0.18826,0.24442,0.38959,0.13523
0.20171,0.018422,0.02913,0.0094371,-0.14859,-0.12853,-0.15327,-0.16385,-0.33279,-0.17334
-0.12305,-0.083125,0.0097109,0.033829,-0.17376,0.1872,0.087526,0.26335,0.45063,0.10537
-0.041741,0.095831,-0.11971,-0.018953,-0.32729,-0.27452,-0.061393,0.042293,0.003282,-0.0078062
-0.036167,-0.014238,-0.034215,0.036203,-0.44975,-0.11831,-0.082671,0.10273,0.13676,-0.12054
-0.18808,0.050503,-0.11194,-0.0036805,-0.3415,-0.1127,0.0035638,0.13932,0.24852,0.038401
-0.07735,0.042734,-0.040964,0.01206,-0.40868,-0.20277,-0.082087,0.072197,0.070122,-0.071621
-0.016791,0.10104,-0.091919,-0.0066785,-0.3343,-0.26239,-0.059686,-0.0061972,-0.017447,-0.022714
-0.26432,0.0094187,-0.063025,-0.011749,-0.16466,0.11854,0.11005,0.21508,0.38698,0.10516
0.0087653,0.18346,-0.15968,-0.010244,-0.20785,-0.3026,0.022961,-0.0061294,-0.01074,0.057066
0.20259,-0.041722,0.079369,0.037686,-0.19934,-0.0068413,-0.14033,-0.10054,-0.25786,-0.22618
0.95646,-0.1054,0.095356,0.017872,0.036165,0.079043,-0.076193,0.032828,0.039491,-0.13246
-0.058403,0.076618,-0.091057,-0.014402,-0.28518,-0.22518,-0.03307,0.028364,0.021626,-0.026172
0.10826,0.18226,-0.14998,-0.037594,-0.14385,-0.27013,-0.029508,-0.024701,0.018932,0.094515
-0.0029274,-0.048618,0.021087,0.050309,-0.37049,0.0015704,-0.078093,0.099702,0.13473,-0.11871
0.026967,0.0079977,-0.017824,0.051009,-0.39204,-0.18526,-0.12756,0.0026735,-0.071698,-0.19596
0.0019086,0.060257,-0.059479,0.0092759,-0.37101,-0.24124,-0.126,-0.0021163,-0.094142,-0.14336
0.14915,0.11293,-0.09345,-0.017313,-0.22762,-0.27013,-0.060474,-0.027787,-0.074336,0.0077526
0.58486,0.18663,-0.090746,0.042468,0.0081776,-0.13494,0.041394,-0.21435,-0.013875,0.27195
0.28532,0.15305,-0.16132,0.0011719,-0.067932,-0.31371,-0.061637,-0.15291,-0.13235,0.07658
-0.060633,0.128,-0.13438,-0.023298,-0.25912,-0.18549,-0.02058,0.084797,0.1355,0.024509
-0.045747,0.059584,-0.10841,0.016836,-0.40994,-0.25416,-0.11829,0.025261,0.00090172,-0.10817
-0.041449,0.079619,-0.10789,0.0028127,-0.40168,-0.24712,-0.10529,0.041594,-0.0005855,-0.094851
-0.18166,-0.053352,-0.013419,0.032934,-0.2303,0.13714,0.073324,0.27904,0.46928,0.070557
0.036799,0.12271,-0.10327,-0.0010733,-0.29372,-0.26889,-0.052879,0.00085796,-0.051419,-0.038836
-0.075654,0.10175,-0.10736,-0.0078845,-0.30129,-0.22916,-0.037657,0.077629,0.051473,-0.0032775
-0.078379,0.11809,-0.12763,0.011623,-0.31385,-0.20943,-0.017096,0.086741,0.11929,0.02242
0.34005,0.060697,-0.024651,0.033271,-0.012889,0.03695,0.11417,0.065142,0.067861,0.0060511
-0.12784,0.048775,-0.022496,-0.029053,-0.025009,-0.0082103,-0.014723,0.033669,0.020466,0.026525
-0.0098872,0.10661,-0.11155,-0.013778,0.071401,0.12209,0.19043,0.27459,0.38352,0.058819
-0.0006064,-0.12086,0.075786,0.058435,-0.11563,0.2459,0.10705,0.25555,0.37147,0.1044
-0.037153,0.041978,-0.073425,0.030154,-0.41436,-0.21808,-0.097826,0.02941,0.00741,-0.092656
0.32922,-0.25844,0.17793,0.081469,-0.057749,0.29777,0.079035,0.24763,0.25991,-0.019587
-0.019607,0.17942,-0.11374,0.018922,-0.10404,-0.10681,0.10324,0.092085,0.11706,0.063939
0.73049,-0.15101,0.17072,0.047263,-0.060776,0.14052,-0.12255,0.03373,-0.061904,-0.19366
-0.10206,0.030903,-0.0071544,-0.0024648,-0.0083117,0.069222,-0.0021849,-0.021016,-0.018275,-0.032131
-0.072803,-0.012461,-0.0091087,0.014522,-0.014381,0.019232,-0.013137,-0.031563,-0.026837,0.023453
0.029552,0.074841,-0.030066,-0.017318,0.070161,0.064502,-0.024645,0.011228,0.0098582,-0.034987
-0.077234,-0.0090111,-0.021374,-0.013694,-0.024143,0.063839,0.0021525,-0.0040201,0.0014982,0.0027027
-0.085407,0.028378,0.022704,-0.036979,0.021087,0.038027,-0.037369,0.017028,-0.034201,-0.0065341
-0.025973,0.026968,-0.013562,-0.032433,-0.004339,-0.0018513,-0.04398,0.0094346,-0.038958,0.015972
-0.11162,0.018914,-0.044654,-0.035565,0.01008,0.04521,0.025608,0.0030355,-0.024407,-0.04098
-0.011178,0.072371,-0.05779,0.035844,0.0024108,0.050939,0.05164,0.017653,0.0011453,-0.059167
-0.062521,3.6111e-05,-0.018142,-0.0024994,-0.041694,0.018094,0.030581,-0.037296,-0.015071,0.012908
-0.023031,0.072702,-0.012184,-0.018136,0.047234,0.053782,-0.018519,0.0091218,-0.016938,-0.0055938
-0.077462,0.0027658,-0.031939,0.0008413,-0.019641,0.040819,0.014948,-0.013132,-0.014067,0.013325
-0.084737,-0.0061156,-0.0097155,0.0099853,0.0098633,0.052972,-0.025979,-0.048429,-0.035667,-0.016526
0.060309,0.072722,-0.039658,-0.032608,0.018431,0.059633,-0.045562,0.081408,0.0087546,-0.04544
-0.12555,0.0010184,-0.012621,8.9282e-05,-0.004581,0.055259,0.0023865,0.020154,-0.0030458,-0.003499
-0.077122,0.02365,-0.0010245,-0.0046408,0.0032777,0.025868,-0.011338,-0.028719,-0.010347,0.0099773
0.0367,0.062015,-0.051823,-0.020182,0.033055,0.040446,-0.045409,0.058134,-0.024724,-0.0026426
-0.085115,0.025167,-0.012226,0.0069042,0.0183,0.078489,0.0048468,-0.0069756,-0.013396,-0.030113
-0.06877,0.0084877,-0.00091637,-0.01443,-0.032241,0.063366,0.0020465,-0.013346,-0.041196,0.050211
-0.062867,0.011425,-0.034096,0.045134,-0.011891,0.049493,0.027962,0.015019,-0.0094277,-0.006488
-0.033811,-0.0071957,-0.063531,-0.021364,0.059184,0.068987,-0.028241,-0.026957,-0.048215,0.0091266
-0.068362,0.025501,-0.048192,0.028203,-0.013334,0.016993,-0.012772,-0.033715,-0.050302,-0.018316
-0.068434,9.313e-05,-0.018224,-0.021786,0.011438,0.039158,0.00035225,-0.042835,-0.016192,0.001875
-0.061036,-0.0030138,0.0086295,0.011342,0.011879,0.026535,0.030798,-0.012127,-0.032118,-0.006568
-0.1329,0.0093188,-0.040982,-0.023086,-0.013658,0.047034,-0.02163,-0.034117,-0.014084,-0.021746
-0.084232,0.021445,-0.016976,0.0011406,0.016216,0.064697,-0.025597,-0.025581,0.010345,0.012372
-0.06442,0.035394,-0.0069226,0.035208,0.0056291,0.067355,0.0052723,-0.0075132,-0.011678,0.016942
-0.090337,0.016956,-0.023782,-0.010359,-0.026836,0.033649,-0.0082262,-0.033543,-0.017303,-0.021968
-0.062314,0.0085132,-0.024546,0.050228,-0.00308,0.067433,0.0232,-0.014476,-0.015103,0.0066523
-0.066564,0.0052877,-0.0064032,-0.006556,-0.012784,0.050869,-0.005293,-0.014671,-0.013749,0.011635
-0.073639,-0.0012859,-0.0059746,-0.031767,0.042388,0.033127,0.017026,0.031958,-0.034957,0.020027
-0.062412,0.022248,-0.013024,0.0092823,-0.014891,0.039371,-0.013046,-0.010796,-0.021585,0.0014864
-0.087453,0.018661,-0.026986,0.013202,-0.0033822,0.055484,-0.037558,-0.037188,-0.0162,0.01436
-0.062206,0.01427,-0.019032,-0.013793,-0.026107,0.038694,0.0021784,-0.043415,-0.028761,-0.022321
-0.038455,0.012699,-0.052729,-0.013861,-0.030329,0.041364,0.016033,-0.029691,-0.026103,0.011099
-0.056994,-0.00047693,-0.010273,-0.012506,-0.0011929,0.050499,0.038495,-0.01987,-0.030943,-0.011674
-0.097281,0.00044362,0.034261,-0.000524,-0.0029581,0.041985,0.01223,0.012213,-0.0613,-0.00020011
-0.11537,0.043451,-0.043614,-0.056433,0.0097903,0.034517,-0.0076581,-0.032188,-0.0045428,-0.027313
-0.076015,0.010716,-0.027696,0.0039134,0.0009141,0.048847,-0.038917,-0.040709,0.015924,0.038378
-0.094072,0.011166,-0.0047378,-0.02725,-0.0034058,0.073377,0.0074905,-0.0061454,-0.020859,-0.020742
-0.04356,0.034505,-0.015424,-0.042265,0.013683,0.040509,0.027169,0.018344,-0.0038543,-0.015328
-0.044852,0.051266,-0.04124,0.028654,0.0027322,0.050823,0.041359,0.014426,-0.017011,-0.054863
-0.055972,0.0097765,-0.029691,-0.048712,-0.00077363,0.031192,-0.011829,-0.017154,-0.018657,0.0098676
-0.056566,0.0022747,-0.039274,-0.0018471,-0.0022587,0.0044037,0.0060117,-0.0013385,-0.035092,0.0050201
-0.090648,-0.0057253,-0.030886,-0.0017318,-0.02374,0.052073,0.020881,-0.0057918,-0.034021,-0.042942
-0.062805,0.013418,-0.068808,0.027171,-0.017492,0.045928,-0.023307,-0.0053332,-0.035445,-0.012778
-0.079988,-0.0054622,-0.026487,0.017317,0.0059127,0.0082501,-0.018499,0.0039827,-0.032941,0.010051
0.054928,0.057299,-0.038777,-0.031913,0.01264,0.052027,-0.026823,0.059876,-0.0076466,-0.048492
-0.090803,0.024666,0.00032163,0.016297,-0.0040353,0.051343,-0.030262,-0.038837,-0.020695,-0.0017888
-0.034122,0.04691,-0.037572,0.040018,0.0061324,0.05751,-4.3706e-05,0.027331,0.016071,-0.019807
-0.017075,0.035086,-0.049403,-0.041816,0.015325,0.065359,-0.043331,-0.0067868,-0.019679,0.042275
-0.056894,0.0097319,-0.027255,-0.0093277,-0.0035375,0.010173,-0.00050881,-0.023073,-0.037765,0.03321
-0.12212,0.02145,-0.027721,0.0024593,-0.018152,0.033007,-0.05761,0.010271,-0.030771,-0.011712
-0.095191,-0.0047619,-0.025021,0.0071141,0.018852,0.065182,-0.02723,-0.011444,-0.032647,0.029733
-0.047488,0.0011875,-0.0011254,0.0023206,0.014189,0.024894,-0.033871,-0.011516,-0.021055,-0.010963
-0.080736,0.022735,-0.011117,-0.01068,-0.0024523,0.041261,0.0059955,-0.030357,-0.02777,-0.0041337
-0.062711,0.0053183,-0.009996,0.062021,-0.018613,0.032563,0.035609,-0.033956,-0.020369,0.011656
-0.006468,0.017192,-0.038697,-0.039119,0.035208,0.056008,-0.021008,-0.0093299,-0.026069,0.016347
-0.067097,0.0040718,-0.028892,-0.0032944,0.0075016,0.057186,0.0091593,-0.020513,-0.045414,0.012931
-0.030123,0.041552,0.014329,-0.026309,-0.010464,0.050981,0.002751,-0.0077987,-0.039597,-0.0087398
0.094227,0.1018,-0.022062,0.013241,-0.01119,-0.013617,0.056539,-0.0077154,-0.0027131,0.097598
-0.071877,-0.0068415,-0.027255,-0.025554,-0.014772,0.04612,0.0091673,-0.023903,0.014478,-0.018392
0.0040936,-0.022139,-0.021511,-0.03726,-0.010549,0.03768,-0.011998,0.0027996,-0.057746,0.036933
-0.031974,-0.019961,-0.0014048,0.032452,0.0089252,0.053569,-0.0047763,0.036252,0.01471,-0.017484
-0.12594,0.027062,-0.036932,-0.047861,0.0051692,0.069846,-0.011612,-0.004017,-0.042553,0.0052951
-0.030242,0.010871,-0.018038,-0.022674,0.0064904,0.066838,0.028537,-0.010231,0.014002,0.0074198
-0.075643,0.022852,-0.048796,-0.045744,0.011019,0.082236,0.022809,-0.027068,-0.0022864,0.003758
-0.13089,0.042597,-0.060046,-0.0020253,-0.0096109,0.052261,0.011979,-0.032755,-0.011796,0.034837
-0.031871,0.022487,-0.03326,-0.0088985,-0.024147,0.058628,0.0024102,-0.012122,-0.0027945,-0.0098636
-0.10513,0.048919,-0.015296,-0.013453,0.011411,0.0714,-0.012045,-0.089537,-0.043488,0.012293
-0.10204,0.02477,-0.033828,0.0029433,-0.0069181,0.087408,-0.021058,-0.031437,-0.036662,0.0032426
-0.11098,0.0016919,-0.019266,-0.025785,0.0008831,0.045118,-0.023948,-0.030008,-0.021162,0.0099757
-0.073206,-0.0054531,-0.013892,-0.043576,-0.017667,0.035835,-0.034848,-0.019185,-0.027722,-0.0082008
0.13448,0.013479,-0.027818,0.023879,0.0092998,-0.013729,0.033289,-0.031428,-0.053585,0.022657
0.1059,-0.060491,0.024928,0.0090549,-0.016719,0.021474,0.08297,-0.010489,-0.039545,-0.013576
0.85641,0.27264,-0.098932,0.045283,0.13778,-0.092133,0.036327,-0.11329,0.097748,0.19336
-0.0013152,-0.008313,-0.038488,-0.0014955,0.0085527,0.043738,0.096348,-0.0067379,0.014812,-0.0059951
-0.13572,0.038555,-0.026832,-0.020112,-0.016492,0.023763,0.014843,-0.040347,-0.049186,-0.0010988
-0.074266,-0.0050039,-0.023645,-0.018553,0.016483,0.068986,0.018611,0.0022523,-0.021092,0.043414
-0.07033,0.037137,-0.018618,0.0020456,-0.0023292,0.046537,-0.021881,-0.027157,-0.066304,-0.010416
0.45633,0.26386,-0.14926,0.030861,0.077513,-0.16514,0.044468,-0.16526,0.0044773,0.20562
-0.18128,0.0081444,-0.065018,-0.017204,0.0093565,0.043063,-0.023336,-0.01383,-0.039008,-0.0086219
-0.037578,-0.039028,0.011229,-0.015665,-0.005242,0.049968,0.033095,0.015208,-0.0058126,-0.044661
0.094749,0.080248,-0.04607,0.043363,0.00015185,-0.013155,0.046754,-0.055962,-0.0033718,0.075717
-0.039303,-0.055774,0.016369,-0.027204,-0.0052106,0.070195,0.013928,0.011332,-0.052629,-0.04974
-0.0037012,0.045054,-0.039986,0.010352,-0.0079521,0.035318,0.030357,-0.036476,-0.01659,0.046923
-0.070696,-0.0094234,-0.027346,0.0018961,0.0069675,0.031844,0.021391,0.00090174,0.0006587,-0.0047749
-0.01285,0.020541,-0.02615,0.0082096,-0.018738,0.039131,-0.0068491,-0.036337,-0.0032618,-0.003398
0.54592,-0.044621,0.052512,0.083269,-0.020338,0.01262,-0.0044176,-0.11441,-0.0060467,0.15182
-0.073109,0.030553,-0.015136,-0.01744,0.022247,0.061297,-0.0085372,-0.078219,-0.034619,0.0011975
-0.02723,-0.011818,-0.0085957,-0.024231,-0.000532,0.046639,-0.025026,-0.003431,-0.023465,-0.011386
0.45018,0.13354,-0.087129,-0.010984,0.0083491,-0.15666,0.0046739,-0.13194,0.020842,0.22447
0.74111,0.035809,0.016595,0.052124,0.053197,-0.045969,-0.071328,-0.1896,0.022938,0.19337
-0.1043,0.011063,0.013019,-0.034752,0.020688,0.0044216,0.015396,-0.0076087,-0.045664,0.0095553
-0.061925,0.022933,-0.032672,0.0027566,-0.0052384,0.052359,-0.01225,0.017876,-0.00049662,-0.023641
-0.035889,0.0055707,-0.00045221,-0.010127,-0.00036353,0.020278,-0.013184,0.036144,0.0086157,-0.035203
0.60307,0.12448,-0.050573,0.04882,-0.0083881,-0.060925,0.031388,-0.17749,-0.025302,0.23092
-0.085305,0.0053125,-0.024852,-0.024215,-0.020616,0.010459,-0.01037,0.020806,-0.037631,-0.033247
-0.031669,-0.0033188,-0.018688,-0.015277,-0.014236,0.012808,-0.024955,0.013997,-0.039753,-0.016164
-0.16556,0.048034,-0.035912,-0.020241,-0.0066004,0.079669,-0.039448,-0.089886,-0.072616,0.0086374
-0.045413,0.002473,-0.020268,-0.014447,0.010189,0.043682,0.0091576,-0.0059655,-0.0024947,-0.023147
-0.087171,0.012319,-0.018524,-0.02023,-0.0062592,0.046792,-0.0062046,-0.018333,-0.013416,-0.026101
-0.035968,-0.012609,-0.010278,-0.040995,0.026837,0.047291,-0.0059695,0.033145,0.018442,-0.006343
-0.14086,0.038427,-0.021316,-0.030518,-0.008979,0.042002,-0.012924,-0.044317,-0.04804,0.012964
-0.040778,0.014196,-0.021865,0.0016133,-0.025674,0.062721,0.0080566,-0.015762,-0.0038765,0.0029781
0.028285,0.0036563,0.006247,0.0080922,0.0091619,0.044746,0.0095833,-0.01442,-0.01586,0.015536
